Drawer_having,191.2448377581121
Drawer_Commands,136.2984550561798
Drawer_to,119.13087557603686
Rivers,73.00337941628264
Pillow,70.98157248157247
Adderley,62.98280098280098
Dear,51.21189773844642
Drawer_the,49.842064415987586
Lady_the,49.486486486486484
Observer,49.486486486486484
Scales,41.339614911921345
Maam,40.60963618485743
You,37.60135666535587
Commands,37.481977061714915
Entreaties,35.99017199017199
Western_then,32.32432432432432
Magistrate_back,32.32432432432432
Magistrate_Chair,32.32432432432432
Shelf,31.671446128635807
Conviction,31.49140049140049
ay,27.640512550465157
Genius,27.511559454748088
Incidents,23.626113671274958
Disturbance_,23.08191685439279
Story_of,20.855362471476216
Reflections,19.49963135905628
O,19.06968579954362
Examples,18.647679629897354
i,16.96820520697335
He,16.453976764968722
Historian_will,15.995085995085994
Persuasion,15.668988119623105
Theater,15.662571662571661
Countenance_staring,15.000273074822502
chattering,15.000273074822502
Virgil,13.421032207993791
Pictures,13.001404494382024
Lady_should,12.996314496314495
Members,11.999754239370853
Field,11.996314496314495
color,11.521825078805364
Transactions,11.496314496314497
C,11.496314496314497
Shakespeare,11.165984026213392
She,10.927387282720408
Pipe,10.111141452758057
Number,9.997542997542997
Knaves,8.997542997542997
J,8.664209664209663
King_of,8.36120972146368
This,8.166086422281383
Distillation_from,8.125345622119816
Hurry,8.000289142691917
Ages,8.000066423115245
Bribe,7.997542997542997
Beard,7.997542997542997
AURORA,7.997542997542997
Waters,7.926631900737277
Horror,7.588549949400029
Spectator,7.356503422854134
Parents,7.200255603617775
Difference,7.099778815433769
Conservation,6.997542997542997
Ex,6.997542997542997
Understandings_equal,6.997542997542997
Ribbon,6.997542997542997
Propriety,6.846115067111978
Jury,6.54697208569044
Don,6.497542997542997
Twelve,6.401671583087514
Lady_had,6.373880708653004
Poet,6.178618449925392
Matron,6.090631516234733
Nay,5.916240016383371
Limbs,5.856992393212405
I,5.7489551051439225
Lady_did,5.625192012288786
Lady_was,5.601769911504426
Sophy,5.498771498771499
Drawer_,5.259330056435465
Western_said,5.250230414746544
Look,5.207966414089698
Coat,5.193573108533073
Boar,5.000819336337567
Guardians,4.999692811796026
Cousins,4.899975423937086
Custom_which,4.817917783735479
Signal,4.817917783735479
ray,4.749744009830023
Historian_,4.665028665028665
deed,4.571002281902756
Writers,4.568523515805706
Church,4.545241286863271
F,4.201081612586038
Thomas,4.176368542791057
Wretch,4.160145497443963
none,4.140344069331264
Disguises,4.120133700353913
Hind,4.000983284169125
Chambermaids,3.9987714987714984
Harriet,3.9987714987714984
Chicken,3.9226843100189033
Barber,3.907568250458951
Western_to,3.899975423937086
Reptile,3.899975423937086
we,3.7552020302562026
Master_,3.6785745633283593
Schoolma,3.6658476658476653
Bones,3.6332705278392172
Humor,3.6003604784532195
Coachman,3.5999016957483416
Observation,3.545241286863271
Player,3.4987714987714984
Tender,3.4987714987714984
Lady_exposed,3.4987714987714984
Expeditionthis,3.4987714987714984
Science,3.4987714987714984
Gypsies,3.4749324158269843
Machines,3.428596506626876
abstain_from,3.333196805242679
Sir_,3.304151306574549
Moon,3.2180346941710134
Commission,3.201081612586038
Entreaty,3.1428947599403143
Tyrant,3.136593161612635
Alexander,3.0
Acidity,3.0
Descent,3.0
Memories,3.0
Majority_,2.9987714987714984
Garrison,2.9987714987714984
Women,2.9558755325927244
Western_himself,2.882716143028354
Merry,2.868580141716746
They,2.793050847457627
Footmen,2.7811228016281393
Estate_think,2.7811228016281393
Christian_,2.703759330056436
Chance,2.6658476658476657
Thief,2.6658476658476657
Cheek,2.629665028217732
Divines,2.625192012288786
Apothecary,2.6000115653732725
Well,2.5999836159580565
Christian_Wit,2.5586555836646188
Sergeant_Cuff,2.512066778536792
Ulysses,2.499897603932009
Slut,2.499385749385749
Priest_,2.4643201966119546
don,2.399852543622512
Liquor,2.3751152073732715
Strangeness_of,2.3747696088470205
Dress_infused,2.3747696088470205
Doctor_,2.3634941912421805
Mrs_Whitefield,2.3575993924240746
Side,2.348018841784428
Rags,2.333606423070621
Chaplain,2.312596006144393
Poets,2.309750103308032
Mr_Miller,2.3000737281887447
sana,2.2725647899910633
Corpore,2.2725647899910633
sano,2.2725647899910633
Pack,2.2499172928777353
Englishman,2.2005899705014755
orrespondents,2.2005899705014755
Audience,2.2005899705014755
Irishman,2.1538897816428775
Lady_,2.146827147268259
Virtues,2.1250384024577573
Turns,2.1250384024577573
Critic,2.099942655853199
Chair,2.030160857908847
We,2.0159844284534625
Circumstance_which,2.0004096681687833
Popish,2.0
Guides,2.0
Arts,1.9999999999999996
well,1.9998244690187823
Partradge,1.9991809991809988
Aeneas,1.9991809991809988
Circumstance_that,1.9991809991809988
Impudence,1.9534205863862377
Habit,1.9511478750824192
Accident,1.9230943738656991
Whitefield,1.9228775871869463
Gypsy,1.8634941912421805
Solitude,1.8574438202247192
Division,1.8459357277882797
Title,1.8191539426898142
Bank,1.797954472109823
Hi,1.782455390533177
Pillowbere,1.7777170944838887
WE,1.7689981096408314
Miller,1.7499488019660046
Andrew,1.7040575784933294
Partridge,1.6806849911409216
Reader,1.6785462347414786
Persuasions,1.6773426351672747
Substance_in,1.6669397787791889
Teeth,1.6667121791370838
Wit,1.6296650282177318
Leader,1.6249136011059062
Abbe,1.6165717996714672
Bannier,1.6165717996714672
Malt,1.6071271833582021
Heels,1.6000786472670074
Constitutions_Love,1.5999016957483412
Angel,1.5881460065052404
Madam,1.5714010668539133
Hounds,1.5647082634592033
Mr_Western,1.5551414097504082
Rascal,1.5429394003230112
Terrors,1.5338248609494243
Man,1.527960186099349
Fellow,1.5209718176928462
shatunt,1.4998771196854266
Abigails,1.4998771196854266
Admonitions,1.4993857493857492
Boxes,1.4987714987714984
Disdain,1.4987714987714984
Tenement,1.4987714987714984
Parnassus,1.4987714987714984
Pursuit,1.4874916798935023
Mrs_Fitzpatrick,1.4836137627059887
Mistress_Enquiry,1.449987711968543
It,1.4485736597914465
Tongue,1.440663139917524
Pedagogue,1.4138135593220342
Lines,1.4074276351720374
George,1.4021624437350568
Mouse,1.400688298918388
Mrs_Abigail,1.3902384199247728
Share,1.3688006123846743
Blockhead,1.3634941912421805
Highwayman,1.318813221256589
Maclachlan,1.294851597454156
Heaven,1.2904784787533465
Pettyfogger,1.2785345644770563
Quaker,1.2666848716548333
The,1.255782053724519
Mr_Watson,1.252603122453467
Doctor_would,1.2493857493857492
Hair,1.2493857493857492
Shaver,1.2493857493857492
Sport,1.2493857493857492
Bench,1.2493857493857492
Show,1.24135593220339
Ghost_of,1.2173742698390084
Ladyship_will,1.200589970501475
Toast_,1.1891730322152108
Lordship_would,1.1816353887399464
Appellation,1.1671446128635807
Importunities,1.1671446128635807
Mr_Pope,1.1250384024577573
Ceremonies,1.1250384024577573
Frederick,1.1123322471972164
Yes,1.1111414527580559
Abigail,1.1063571120436095
Captain_Waters,1.1052903893416115
Preacher,1.1045699140631275
Arrival,1.0851286341769506
Interval,1.0831456072086834
Fitzpatrick,1.0434100759520688
Faith,1.0322260979863644
Ensign,1.0315479039205289
Lad,1.0099778815433766
Justices_of,1.0004096681687833
Ring,1.0
Stamp_,1.0
Attendants,1.0
Fomentation,1.0
Lady_Blushes,1.0
Blushes,1.0
Roguery,1.0
Fragments,1.0
Editors,0.9993857493857492
Ladyship_would,0.999180999180999
Daughter,0.9403574830756396
Villain,0.9349624360613809
Diligence,0.899975423937085
base,0.8974100447413196
Betty,0.8824634957351452
thou,0.8823245952197378
Watson,0.847440329903778
Blifil,0.8267480535028517
Northerton,0.8202464193075449
saucy,0.8177239709443098
Report,0.810826967784789
himself,0.8076249932943511
Widow,0.80039331366765
Stage_would,0.80039331366765
Murderer,0.7925761409768619
Spurs,0.7855011409513781
Belly,0.7855011409513781
Attorney,0.7822614210682788
P,0.7777541794350555
Bridle,0.7777170944838887
Faculty,0.7777170944838887
Animals,0.7714075062317873
Sophia,0.7600562239034272
Guide,0.754217519890032
Desire,0.7493857493857492
Bill,0.731818493855976
Officer,0.7285398307762525
Curtesy,0.7249938559842715
Scandal,0.6669397787791886
Enterprise,0.6658476658476655
Par,0.6658476658476655
Desdemona,0.6530243755642491
Lawyer,0.6489489646517466
Honor,0.6390398309233773
Polly,0.6362823949955316
Matete,0.6362823949955316
Luck,0.6362823949955316
Pleasure,0.6241340634690242
Lieutenant,0.6230599088795206
Assistance_to,0.6190169689877119
War,0.6111414527580556
Sportsmen,0.5999016957483412
Provoked,0.5999016957483412
Somersetshire,0.5729097332445856
Rat,0.5716292134831462
Conduct,0.5714110170979179
Females,0.5713533438651923
Landlord,0.552225744753321
Enquiry,0.5428691805350747
Mr_Blifil,0.5381118619020593
Drawer_was,0.5375898014635623
Readers,0.5374784959449499
ife,0.533321045301876
Allworthy,0.5310963988363926
Susan,0.5305462067270605
Company,0.5294964898320962
Woman,0.5203715960540993
Hall,0.5002048340843916
Club,0.5002048340843916
Mr_Supple,0.5002048340843916
Hunt,0.4999590398951421
Footman,0.4827118644067798
Majesty_,0.47057973109729656
Worship,0.46681959691954766
Child,0.4545779525447964
Bodies,0.45442359249329756
Persons,0.45401129943502805
Regiment,0.45061213344053863
body,0.44641446502238225
Exciseman,0.4415435191982382
King_James,0.43890396334682613
James,0.43890396334682613
nay,0.41948181780314053
Entrance,0.41654720458734396
Mr_Fitzpatrick,0.3888741925298882
Translation,0.38885854724194435
Primative,0.38885854724194435
Manners,0.36667485868763805
Flesh,0.36360589812332456
Friend,0.36301909719371417
Squire,0.3584182148921087
Vanity,0.33333333333333326
Rushes,0.33333333333333326
Narva,0.33333333333333326
Master_speak,0.33333333333333326
Variety,0.33333333333333326
Ancients,0.33333333333333326
basest_and,0.33333333333333326
Hostess_,0.33333333333333326
Lady_entertained,0.33333333333333326
Animal,0.3331968052426786
m,0.32009437672040897
fogger,0.31741759313438656
Sight,0.3157849351097315
Scenes,0.30768503639285383
herself,0.30107555297164446
Conqueror,0.30007372818874445
Robin,0.2982365368861295
French,0.29447862010735193
means,0.28948389600310453
Delay,0.285814606741573
Mistress_saw,0.285814606741573
Despair,0.285814606741573
Quantity,0.2799705087245026
Ostler_,0.2799705087245026
Danger,0.2752074314574313
Behavior,0.2749077334954859
Mr_Northerton,0.2564028699260912
Laa,0.25007680491551443
Philosophers,0.25
bo,0.2499385598427133
Tom,0.2445175794126866
Corporal,0.24007078254030678
Magistrate_,0.2324969994856263
W,0.22752825523899234
Discovery,0.22578087838909155
Lady_to,0.22367740266459712
Temper,0.21950488521249167
Benjamin,0.21739595020569524
Story_was,0.2141477970861858
Creature,0.20272334772500833
Western_had,0.1944292736209723
Time,0.1916147477913568
Passions,0.18746640043007456
Brother,0.16387203892752056
Chase,0.16004718836020437
Lady_put,0.12503840245775732
Counselor,0.12503840245775732
Western_,0.1191873454675445
Times,0.11764875961371657
Preface,0.11360589812332456
Particular,0.11114145275805565
Pen,0.08686825515546537
Actors,0.08148404361835748
Drelincourt_,0.07998820329652334
Master_of,0.07498156795281408
Landlady,0.06960642438586206
Thought,0.06399669694467391
tender,0.042528715597929256
Air,0.0416517331421844
Malice,0.03847244541071926
Excess,0.027750281598798443
Healths,0.019188052365423758
Invectives,0.016670762677152284
Surgeon,0.010535593923368003
Cloth,0.0
ho,0.0
dan,0.0
Captain_having,0.0
Ovid,0.0
Forefinger,0.0
Mistress_would,0.0
Poetry,0.0
Luster_,0.0
Western_and,0.0
Altercation,0.0
Farmers,0.0
ounds,0.0
Heads,0.0
Dirt,0.0
Laws,0.0
Impetuosity,0.0
Accusation,0.0
Politicians,0.0
Sister_into,0.0
Lady_well,0.0
Lady_industriously,0.0
England,-2.014423270624288e-05
Milton,-7.228044813867296e-05
R,-0.01923531357814645
Compliments,-0.020004915212582852
ones,-0.020838666734934286
Mr_Derby,-0.0214008686040712
Derby,-0.0214008686040712
Rebels,-0.03334152535430501
repine,-0.03572368998507858
Authors,-0.03659413774500986
Doubts,-0.03847244541071926
Prudence,-0.04256431708847519
Fair,-0.04546470062555852
Gentleman,-0.04880690066246507
Mistress_of,-0.05064551252138749
Socrates,-0.05661689696744876
Art,-0.05883810743272544
Conquest_,-0.05884053780540699
distemper_which,-0.05884053780540699
ong,-0.06652466000327706
Degrees,-0.06932379492420382
Bailiff,-0.07144110935580117
Submission,-0.07144110935580117
Author,-0.07506306795063067
Gentlevolks,-0.08622881355932199
Sound,-0.08885854724194431
Dowling,-0.08975045686558714
Secrecy,-0.1000245760629147
h,-0.10255844728716368
Dozen,-0.10717106995523562
Characters,-0.11688104433308855
Father,-0.12457321195474247
God,-0.13321317384892672
us,-0.13784605983314735
Escape,-0.15385144192761147
MRS,-0.16213882431086024
Breeding,-0.1667007986893304
Acci,-0.1667076267715245
ent,-0.1667076267715245
Politeness,-0.1667076267715245
Lady_he,-0.1690550448515773
Incident,-0.17106454533695514
Burgundy,-0.17140650235236288
Eagerness,-0.18185880250223418
Appointment,-0.18185880250223418
hether,-0.18185880250223418
News,-0.18432136007478872
Lud,-0.19052077238150966
Wits,-0.192067315517073
Consent,-0.19445677031777997
Top,-0.1975484693103554
Clerk,-0.19907839344635336
College,-0.1996066863323499
Treatment,-0.1996066863323499
Question_,-0.1996066863323499
Disinclination,-0.1996066863323499
Interest_might,-0.1996066863323499
Poverty,-0.1996066863323499
English,-0.20000000000000007
Suffrages,-0.2000491521258294
Cheeks,-0.2000491521258294
Motives,-0.2000491521258294
Pope,-0.20408265623432642
Wench,-0.20635849424614794
Servants,-0.2067200528357962
Water,-0.21158562907150147
myself,-0.21239900390391364
others,-0.2156930236400435
Language,-0.21739595020569547
Critics,-0.21880039935488815
way,-0.22223522527794037
Body,-0.22449593740595852
Government,-0.2307401455714151
Corner,-0.2307401455714151
Alcibiades,-0.23075468844525104
Travelers,-0.2331878595516762
Design,-0.2381119563097328
Words,-0.2394733830669552
Frank,-0.2428817189200576
Uproar,-0.2459207928769993
Flow,-0.25005119803399556
Shirt,-0.25005119803399556
Charms,-0.25166823996614696
Records,-0.26092531253339024
Devil,-0.26530996087872405
show,-0.27128276691493425
Captain_Lieutenant,-0.2727882037533512
Instant_,-0.2727882037533512
Nature,-0.2817631266779048
nothing,-0.28261385762454294
Our,-0.28576443742320523
Butcher,-0.28576443742320523
da,-0.2858146067415731
Mrs_Water,-0.2896650301410726
Authority,-0.2907988078015791
Suspicion,-0.29268468122857083
Enemies,-0.2973098638326138
fire,-0.3055707263790278
Mistake_Piece,-0.3055707263790278
sword,-0.30775047258979216
worthier,-0.30775047258979216
soberer,-0.30775047258979216
Triumph,-0.30775047258979216
Neck,-0.30775047258979216
Force,-0.31074270004582005
Assistance_enough,-0.31384237290351247
Puppet,-0.3152881123348278
World,-0.3153583565541276
Idea,-0.31578493510973127
latter,-0.3174956114686951
Servant,-0.32557940159460474
Wife,-0.3301022416816789
Freehold,-0.33306022122081114
Latin,-0.33306022122081114
Fields,-0.33306022122081114
King_George,-0.33306022122081114
Lady_dressed,-0.33306022122081114
Building,-0.33306022122081114
Wenches,-0.33306022122081114
Nymph,-0.33306022122081114
Stuff_,-0.33327871538587583
Principles,-0.33333333333333337
Toyman,-0.33333333333333337
Pretensions,-0.3334015973786607
Dagger,-0.3410935416269766
Husband,-0.3444004835497043
Inclination,-0.3499631359056278
Contempt,-0.35000409601048577
Counsel,-0.3541549331831447
Sense,-0.355138040332583
Western_s,-0.3589781964837103
Cupid,-0.36371760500446826
Aunt,-0.364831329352055
Hero,-0.3706737795487165
Aspect,-0.3749615975422428
Officers,-0.37500451769127907
Heathen,-0.37503072007864335
Scoundrel,-0.3770513819129221
Soldier,-0.3780495114787509
A,-0.3818311810179186
Prince_of,-0.3928435589104421
length,-0.3943647345921528
Scale,-0.3958322666530132
Victory,-0.3999672292315255
Features,-0.4000983042516588
Gentlemen,-0.40271785062942045
Thing,-0.40367965367965375
Western_was,-0.40742763517203706
Nations,-0.40742763517203706
Papishes,-0.40742763517203706
Lady_in,-0.41149079278474165
Ruin,-0.4193752972887268
House,-0.42055397586922394
Western_in,-0.4283707865168539
Candles,-0.4283707865168539
Greece,-0.4283707865168539
Pens,-0.4283707865168539
Fa,-0.4283707865168539
ra,-0.4283707865168539
bear,-0.4283707865168539
Equipage,-0.4283707865168539
Act,-0.4285965066268762
Jailer,-0.4286466561348078
Curt,-0.43138010794140325
ies,-0.43138010794140325
T,-0.43138010794140325
Peer,-0.4318588025022341
hold,-0.4444292736209722
Fleet,-0.4445658110322229
Assistance_,-0.44828389830508475
Vice,-0.45562091455744513
Step_Jones,-0.4565368381685099
Fondness,-0.4571308194649252
Name,-0.4574558479417493
Children,-0.46154718693284935
Whole,-0.466699434750553
Deities,-0.466699434750553
Maid,-0.46816054349357417
Tippler,-0.47057973109729656
Supple,-0.47057973109729656
meeting,-0.47221463681048603
Cousin,-0.4780918624120002
Reception,-0.487176255592665
Land,-0.48981843715518103
something,-0.49358812779633254
Fist_,-0.4998463901689708
Lady_valued,-0.4998463901689708
Cheat,-0.4998463901689708
Regions,-0.4998463901689708
Companion,-0.5
Joy,-0.5
Sun,-0.5
Dogs,-0.5
Modesty_,-0.5
Tragedy,-0.5
Raptures,-0.5
Admiration,-0.5
Couples,-0.5
Smiles,-0.5
Storm_,-0.5
Angels,-0.5
cent,-0.5
Angler,-0.5
Troops,-0.5
Hurt,-0.5
wh,-0.5
Ladyships_would,-0.5
Stratagem_to,-0.5
Opinions,-0.5
North,-0.5000245760629147
Actresses,-0.5000245760629147
reality,-0.5000383995084863
Spectators,-0.500102396067991
Pounds,-0.5116305652397553
Chambermaid,-0.5136397149176701
Parts,-0.5272800393225792
Coach,-0.5286266332365183
Personages,-0.5294202689027034
Matters,-0.5316534453258672
Glass,-0.5333005652494471
Ladyship_,-0.53957813964179
Fellows,-0.5420552161330332
and,-0.5428691805350747
Nails,-0.5454647006255586
Original,-0.5454667322042986
Measures,-0.5455764075067024
Strength_,-0.5455764075067024
Kind,-0.5489187781324714
decoy,-0.5500122880314573
Birds,-0.5500122880314573
Engagement,-0.5520966668373355
Health,-0.5535855349776178
My,-0.5543482616303144
Antipathy,-0.5554341889677772
Winter,-0.5554341889677772
Castle_of,-0.5554341889677772
Skill,-0.5554341889677772
Monmouth,-0.5554341889677772
West_with,-0.5554341889677772
Dutch_,-0.5554341889677772
Coast_of,-0.5554341889677772
Norfolk,-0.5554341889677772
Operation,-0.5554341889677772
Mein,-0.5554341889677772
Artifice,-0.5554341889677772
Relations,-0.5614193937826067
Generosity,-0.562476000307196
Eye,-0.5633880821751848
Scene,-0.5643720952867606
Regard,-0.5674186778593915
me,-0.5690412996708321
Ladies,-0.5705735182328759
Girl,-0.5714452896430662
Pity,-0.5714452896430662
Fate,-0.5714452896430662
it,-0.5755984641884809
Hill,-0.5775290531529815
whose,-0.5789677920062088
Mark,-0.579995084787417
Form,-0.579995084787417
Tears,-0.5814139566782877
Lovers,-0.587625731586815
Fortune,-0.5880415248411968
mine,-0.5901857298255508
Person,-0.5947525039918711
Son,-0.5952329867951394
Physicians,-0.5952603861907548
Politics,-0.5964366515837104
Beggar,-0.5998033431661749
Villains,-0.5998033431661749
Captains_,-0.5998033431661749
Monarch,-0.5998033431661749
Engine,-0.5999016957483411
Amorous,-0.5999016957483411
Warfare,-0.5999016957483411
Affront,-0.5999016957483411
Ways,-0.5999016957483411
drinking,-0.5999016957483411
Bumpers,-0.5999016957483411
Philosophy,-0.6015199979147505
Lane,-0.608718880222246
Drawer_not,-0.6096814599882668
Common,-0.6155009451795842
Mrs_Western,-0.6174698349248648
Heart,-0.6177259293824856
Match,-0.6190754827384435
Mirth,-0.6190754827384435
Face,-0.6194096231969115
Writer,-0.6194717210930958
Dr_Drelincourt,-0.6197256227716945
Means,-0.6204383053786587
self,-0.6249895271874214
Profession,-0.6250144003686495
Extravagance,-0.6250255990169977
Suspicions,-0.6282059361018337
History_,-0.6285854720359513
Quality,-0.6287923217992757
Party,-0.6315483119906868
Conscience,-0.6344176950926244
Cane,-0.6362823949955316
Disappointment,-0.6362823949955316
Fingers,-0.6362823949955316
atson,-0.6362823949955316
Furniture,-0.6362823949955316
Materials,-0.6399921352732993
Highwaymen,-0.6399921352732993
Apprehensions,-0.6401541598011562
Parson,-0.6477318215246554
Sentinel,-0.6483471967159987
Occasions,-0.6521878506170861
Eyes,-0.6526847656093355
one,-0.6528958352374858
People,-0.6540370386292745
ave,-0.6551694915254238
Story_had,-0.6565796986321772
Polypheme,-0.6595900439238653
La,-0.6600147456377488
Power,-0.6612417746041404
hip,-0.663148363730436
Mouth,-0.6635582709357344
Degree,-0.6638113826347583
Men,-0.6657516788392726
Boy,-0.6659892785816894
Boat,-0.6665301106104056
Ladyship_did,-0.6665301106104056
Rhetoric,-0.6665984026213394
Lady_can,-0.6665984026213394
Soreness,-0.6665984026213394
Labor,-0.6665984026213394
thereabouts,-0.6665984026213394
Ladyship_the,-0.6666666666666666
Rules,-0.6666666666666666
Quart,-0.6666666666666667
Historian_is,-0.6666666666666667
Beneficence,-0.6666666666666667
Current,-0.6666666666666667
Hamlet,-0.6666666666666667
Surgeons,-0.6666666666666667
Housea,-0.6666666666666667
Dice,-0.6666666666666667
Ladyship_Ladyship,-0.6666666666666667
None,-0.6666666666666667
Ladyship_think,-0.6666666666666667
Severity,-0.6666666666666667
Impertinence,-0.6666666666666667
Exhibitions,-0.6666666666666667
offer,-0.6666666666666667
Purposes,-0.6689194799156439
Enemy,-0.6702049780380673
Farmer,-0.671064545336955
Wisdom,-0.6730941915969564
Picture,-0.6734878122178753
Sex,-0.6769131881427707
Garter,-0.682275484539133
Soldiers,-0.6829107474674818
Lady_would,-0.6842581813478205
Upton,-0.6868138545675512
Family,-0.6870280563190034
Thwackum,-0.6874927998156753
Bristol_,-0.6875047999385608
dat,-0.6880862193362194
Chapter,-0.6900689853406151
Seat,-0.692249527410208
Duke_of,-0.692249527410208
Shore,-0.692249527410208
Fit,-0.692249527410208
order,-0.694657061383761
kind,-0.6964430693612447
Bride,-0.6969764670837058
Paper,-0.6985254255665185
Discourse,-0.7010311890344321
Ill,-0.702102070696507
Faults,-0.7037138175860185
King_,-0.7037138175860185
Fire,-0.7044530787485013
Lady_could,-0.7045352993744414
Scholar,-0.7045352993744414
Advantages,-0.7058925576822992
Grief,-0.7059418823189245
Patient,-0.711343079378753
Society,-0.712490783976407
Conversation,-0.7130340008120872
cloven,-0.7142355625767948
Countenance_,-0.7142355625767948
Lady_abandoned,-0.7142355625767948
Flounder,-0.7142355625767948
Shrimp,-0.7142355625767948
Prawn,-0.7142355625767948
Cod,-0.7142355625767948
Sergeants,-0.7142355625767948
Petty,-0.714296859762044
Battle,-0.7142972885384034
Minds,-0.718761999846402
D,-0.719114154746783
Presence,-0.7193118613374725
Value,-0.7193118613374725
Pride,-0.7222264362759228
endeavor,-0.7272117962466488
Actions,-0.7272862675007448
Lady_s,-0.7272862675007448
Guilt,-0.7272862675007448
Madman,-0.7285749394375592
shew,-0.7307643833889974
Holla,-0.7332459446174013
Argument,-0.7332459446174013
Treachery,-0.7332459446174013
Historian_forsakes,-0.7332459446174013
sin,-0.7332459446174013
Mile,-0.7332459446174013
fill,-0.7332459446174013
Credit,-0.7353089989157933
themselves,-0.7379871898921314
Want,-0.7387415312403135
Books,-0.7391141742800662
Age,-0.7431231962481963
Hands,-0.7469455311465543
Lady_ran,-0.7499231950844854
Colonel,-0.7499231950844854
Bedside,-0.7499231950844854
Scraps,-0.7499231950844854
Ass,-0.75
Office,-0.75
Dialogue,-0.75
Reconciliation,-0.75
Judge,-0.75
Articles,-0.75
King_s,-0.75
whey,-0.75
N,-0.75
Countenance_within,-0.75
Contention,-0.75
Fox,-0.75
corner,-0.75
Waiting,-0.750005907791195
Scuffle,-0.7500191997542431
Chimney,-0.7500614401572868
Taste_,-0.7537697751102219
Gentry,-0.7538566243194192
Knowledge,-0.7540993513557068
Roads,-0.7555434188967778
Sheep,-0.7560990229575016
Circumstances_which,-0.7592390314946295
Command,-0.7605745932848736
Quarters,-0.7619660620245758
Public,-0.7619660620245758
headedness,-0.7646378487783722
Catholics,-0.7646378487783722
Triumphs,-0.7646378487783722
City,-0.7647096618745483
Secret,-0.7662379113338227
Love,-0.7671724614890622
Prisoner,-0.7681115543524719
Portmanteau,-0.7692356166110026
Youth,-0.7692356166110026
Delicacy,-0.7692356166110026
Apprehension,-0.7714345902675374
Appearance,-0.7718216005805898
Success,-0.772157411728107
Husbands,-0.7727882037533512
Mr_Maclachlan,-0.7735101980801142
Gloom,-0.77466251298027
Lord_forbid,-0.7750061440157286
Integrity,-0.7756788352197247
Numbers,-0.7777170944838886
Impediment,-0.7777170944838886
Hue,-0.7777170944838886
apprized,-0.7777170944838886
Conceit,-0.7777170944838886
Wind,-0.7777170944838886
Stairs_,-0.7777717094483889
Labors,-0.7826040497943046
Story_,-0.7833346986701619
Traveller,-0.7857195102327419
Misfortunes,-0.7857226448215331
Mr_Dowling,-0.7857318400449391
Relation,-0.788574157035123
Supernumeraries,-0.7894192213167766
Broom,-0.7894192213167766
Wrath,-0.7894192213167766
Content,-0.7894192213167766
Advantage,-0.7894772242803039
Set,-0.7894838960031043
Wine,-0.7903123513556366
Witnesses,-0.7907069783391438
Philosopher,-0.7948673514399143
Rebellion,-0.796755115089514
Fear,-0.7968819000441603
Beds,-0.7999016715830874
Sir_at,-0.7999016715830874
Poem,-0.7999016715830874
Odyssey,-0.7999016715830874
rades,-0.7999016715830874
uman,-0.7999016715830874
Ladyship_your,-0.7999016715830874
Board,-0.7999016715830874
Objections,-0.7999016715830874
Hatred,-0.7999016715830874
Fable,-0.7999016715830874
Western_resembled,-0.7999508478741706
Ink,-0.7999508478741706
High,-0.7999508478741706
Lif,-0.7999508478741706
Warmth,-0.7999508478741706
Lady_has,-0.7999508478741706
Gallery,-0.7999508478741706
Tea,-0.8
Spirit,-0.8000122880314573
E,-0.8000122880314573
Gout,-0.8000393236335037
Horace,-0.8015955060562914
present,-0.8039225134926754
Liquors,-0.8043489875514238
Mother,-0.80554322968222
Condition,-0.808082814090311
Arguments,-0.808512863417695
Blade,-0.8094792276184903
Mercy,-0.8100024576062914
Homer,-0.8107937562271671
ver,-0.8125032000409605
Humanity,-0.8125032000409605
Reputation,-0.8142927360179757
Shame,-0.8148097578736574
Guinea,-0.8168916580131533
Satisfaction,-0.816961983652422
ad,-0.8181411974977658
Sailor,-0.8181970509383378
boy,-0.8182156687518618
Mistress_Imagination,-0.8214254366716405
Experience,-0.8260497916444064
Treasures,-0.8260497916444064
Attention,-0.8265372655231217
University,-0.826929439009405
Notions,-0.8276271186440678
Mistress_,-0.8278862319694162
Horse,-0.8287487974987975
Apartment,-0.8301956783826393
Adventure,-0.8332650553052028
Unworthiness,-0.8332650553052028
Dispute,-0.8332650553052028
Fervency,-0.8332650553052028
Skull,-0.8332650553052028
Kingdom_can,-0.8332650553052028
Blessing,-0.8332650553052028
Collegiate,-0.8332650553052028
Heathens,-0.8332650553052028
Throne,-0.8332650553052028
Mrs_had,-0.8332650553052028
Left,-0.8332650553052028
Fun,-0.8332650553052028
Promoter,-0.8332650553052028
Quarrels,-0.8332650553052028
Production,-0.8332650553052028
Darling,-0.8332650553052028
State_of,-0.8332650553052028
Lordship_,-0.8332650553052028
Farrier,-0.8332650553052028
Witch,-0.8332650553052028
Wages,-0.8332878208629164
quoth,-0.8332878208629164
Volunteer,-0.8332992013106697
Lady_Husband,-0.8332992013106697
Sister_Abigail,-0.8332992013106697
Hints,-0.8332992013106697
Day,-0.8345913983461912
insomuch,-0.8356113654726636
Law,-0.8356851930909552
Miseries,-0.8378611756891399
Jack,-0.8387505945774536
Corn,-0.8387505945774536
Compassion,-0.8391155697861025
Circumstance_struck,-0.8392872816641798
u,-0.8412716988492296
Parsons,-0.8421290906739103
Understanding_,-0.8431476484194295
Rank,-0.8440431096681097
Cat,-0.8461102183571225
Arms,-0.8461509376890503
Mankind,-0.8461548848828573
Weapons,-0.8485254691689008
Character,-0.8491900121455412
Evil,-0.8499631359056279
Pleasures,-0.8499631359056279
Narrative,-0.8500040960104858
Lady_Maid,-0.8518113963225924
master_must,-0.8518113963225924
Curiosities,-0.8518113963225924
Francis,-0.8518113963225924
hey,-0.8518113963225924
Motive,-0.8524636396599654
Folks,-0.8524636396599654
Privilege,-0.8529815684857246
Acquaintance,-0.853044290194144
Book,-0.8548419063726332
Meals,-0.8570926966292135
Badness,-0.8570926966292135
Priest_undertook,-0.8570926966292135
Deportment,-0.8570926966292135
Otway,-0.8570926966292135
Moor,-0.8570926966292135
Mistress_her,-0.8570926966292135
Gunpowder,-0.8570926966292135
Stable_,-0.8570926966292135
Hostler_had,-0.8570926966292135
nobody,-0.8571094207138678
Army,-0.857172951337687
women,-0.8591554170993423
Ortolan,-0.8593756000153604
Friends,-0.8609843725892129
Deputations,-0.8611414527580558
Fame,-0.8620338983050847
Muse,-0.8620338983050847
Bottom,-0.8636380562278905
Beauty,-0.8636380562278905
Things,-0.8639448958437824
Letter,-0.8656738317071382
Bacon,-0.8656738317071382
Cold,-0.8666229723087007
Endeavors,-0.8666229723087007
Plan,-0.8666338985827804
Bubbling,-0.8666338985827804
elder,-0.8684516880093132
Virtue,-0.8701286265998531
Blood,-0.8711875702919982
contrary,-0.8714320822947021
Escritore,-0.8720066061106524
Justice_,-0.8723441340003137
Mob,-0.8725424055512722
Opposition,-0.8749615975422427
Dispensary,-0.8749615975422427
Considerations,-0.8749615975422427
Occurrences,-0.8749615975422427
Sack,-0.8749615975422427
Jellies,-0.8749615975422427
Envy,-0.8749615975422427
Gods,-0.8749615975422427
thousands,-0.8749615975422427
Prosecution,-0.8749615975422427
play,-0.8749615975422427
thinking,-0.8749615975422427
Garment,-0.8749615975422427
Ladyship_had,-0.8749615975422427
Inclinations,-0.8749712003686353
Female,-0.8750042666484623
Word,-0.8768755027786593
Voice,-0.8802389922298093
Conceits,-0.8823274304300687
Sea,-0.8823593190935705
Part,-0.8852734201850166
Hearers,-0.885412933285546
Innocence,-0.8856821852398006
Religion,-0.8860787058640536
Parsimony,-0.8860787058640536
Happiness,-0.8861692774936062
Creation,-0.8863941018766757
Ale,-0.8888585472419442
Lady_that,-0.8888585472419442
ung,-0.8888585472419442
Bishops,-0.8888585472419442
Looking,-0.8888585472419442
Penetration,-0.8888585472419442
Feed,-0.8888585472419442
Cannon,-0.8888964740417108
Thoughts,-0.8903264678368137
Charles,-0.8909245274587783
Peace,-0.891131789398579
Care,-0.8918981750552133
B,-0.8931224673570464
Place,-0.8933895773836037
Sword,-0.8939378894322667
Table,-0.8941190076909732
Whore,-0.8947096106583883
Money,-0.8953313044407419
Poor,-0.8958578669806974
Justice_of,-0.8978024934971747
Curiosity,-0.8978024934971747
Talents,-0.8979837496238339
Bath,-0.8983213229474737
thing,-0.89936859026377
Parlour,-0.8999754239370853
dey,-0.8999754239370853
Haste_,-0.8999754239370853
Amusements,-0.8999754239370853
Stomach_of,-0.8999754239370853
Nell,-0.8999754239370853
Gwynn,-0.8999754239370853
Reason,-0.9007977530281457
Good,-0.9014191761855314
Assurance,-0.9019853508095605
Mugg,-0.9024156326799736
Affairs,-0.9032266589149336
Mr_Fitzatrick,-0.9038706933219907
Fitzatrick,-0.9038706933219907
Tongues,-0.9047396138092452
Expedition,-0.9051035967351332
Accidents,-0.9056848743392377
Literature,-0.9056848743392377
Year,-0.905886774995663
Surprise,-0.9060335158672561
Sleep,-0.9069554780819569
Lord_should,-0.9069554780819569
Adventures,-0.907705686630369
Imagination,-0.9084442444486751
nce,-0.909070598748883
Rescal,-0.909070598748883
Mutton,-0.909070598748883
Sister_in,-0.909070598748883
who,-0.909070598748883
Vis,-0.909070598748883
unita,-0.909070598748883
fortior,-0.909070598748883
Minute,-0.909070598748883
iscapable,-0.909070598748883
Loss,-0.9100024576062915
Hand,-0.9115347896363654
Price,-0.9123011253395421
Business,-0.9130409441935013
Figures,-0.914299757750237
March,-0.9150958707194361
Excuse,-0.9166453330602632
Robbers,-0.9166496006553349
Repartees,-0.9166496006553349
Plagues,-0.9166496006553349
Demon,-0.9166496006553349
Restoration_which,-0.9166496006553349
thought,-0.9166496006553349
Esteem_,-0.9166496006553349
Ghosts_,-0.9166496006553349
Hunger,-0.9166496006553349
Irish,-0.9166496006553349
Bookworm,-0.9166496006553349
That,-0.9166496006553349
Evidence,-0.9166871467190956
Affection,-0.9180532613512752
Piece,-0.9182413268105694
Spirits,-0.9197058032110503
Defense,-0.9199764058198978
Nation,-0.9199764058198978
Order,-0.9215497301464919
Hour,-0.9215645329692395
Inn,-0.9217058195875387
Garrick,-0.9230551091785613
Fatigue,-0.9230587456874143
Neighborhood,-0.923062381852552
Dettingen,-0.923062381852552
Vermin,-0.923062381852552
Familiarity,-0.923062381852552
Wealth,-0.923062381852552
Gestures_,-0.9236642653459403
Symptoms,-0.9250020480052429
Harm,-0.9250020480052429
dose,-0.9259056981612962
Ears,-0.9279317177934485
Pace,-0.9281996345075304
Mistake_had,-0.9285526200298428
Compliance,-0.9285526200298428
Zeal,-0.9285526200298428
Thespis,-0.9285588906441987
Fraternity,-0.9285588906441987
Solicitations,-0.9285588906441987
Remembrance,-0.9285588906441987
Provocation,-0.9285588906441987
Honesty_toward,-0.9285588906441987
Witness,-0.9285588906441987
Close,-0.9285588906441987
Six,-0.9285588906441987
Wound,-0.9296891500105601
Neighbors,-0.9304383134229479
Feet,-0.9310169491525424
Measure,-0.9310169491525424
Country_,-0.9310338983050848
Hare,-0.9315243738217075
Minutes,-0.9316277018085576
Views,-0.9325951289556526
Sort,-0.9328857953420862
Proposal,-0.9333114861543503
Curse,-0.9333114861543503
Page,-0.9333114861543503
Reach,-0.9333114861543503
ules,-0.9333114861543503
Landlay,-0.9333114861543503
Hardness,-0.9333114861543503
Olivier,-0.9333114861543503
Presumption,-0.9333114861543503
Lover,-0.9338884939575505
Hours,-0.9342258440046566
Favor,-0.9353635972863363
Stranger_,-0.9354685270334548
Heroes,-0.9354685270334548
Morning,-0.9362423302764399
Inns,-0.9364930758728301
Council,-0.9374807987711213
Firelock,-0.9374807987711213
art,-0.9374807987711213
Ladyship_to,-0.9374807987711213
Lady_imagined,-0.9374807987711213
Custom_of,-0.9374807987711213
Punch,-0.937483199569909
Oaths,-0.9374856001843176
Senses,-0.9374856001843176
Niece,-0.9389347824727505
Guard,-0.940283178050033
Alehouse,-0.940283178050033
Object,-0.940949376886756
Inventions,-0.941159462194593
Difficulty,-0.941161588781669
Civility,-0.9411764705882353
Rewards,-0.9436483212184147
deal,-0.9438338764013917
Creatures,-0.9444292736209722
Today,-0.9444292736209722
Lady_let,-0.9444292736209722
Displeasure,-0.9444292736209722
Reasons,-0.9459455869068495
forsooth,-0.9473548053291941
Wretches,-0.9473548053291941
Luminaries,-0.9473548053291941
Cup,-0.9473548053291941
Foot,-0.9480386837317673
Fathers,-0.9487050223706598
Chum,-0.9487050223706598
Tools,-0.9499877119685426
Villainy,-0.9499877119685426
Wars,-0.9499877119685426
sides,-0.9499877119685426
Principle,-0.9499877119685426
home,-0.9506052974908219
Light,-0.950980037828135
Head,-0.9511348819654131
Wildness,-0.951795813223581
Beer,-0.9523698069046226
Sir_offend,-0.9523698069046226
Leisure,-0.9523698069046226
Gold,-0.9523698069046226
Forgiveness,-0.9523698069046226
History_from,-0.9523698069046226
Priestcraft_had,-0.9523698069046226
Passion,-0.9528297512230183
Instance_,-0.9531325000480003
Kitchen,-0.9542767247722717
Hopes,-0.9545340296590052
alls,-0.9545352993744415
Demand,-0.9545352993744415
Shirts,-0.9545352993744415
Worcester_,-0.9545352993744415
Figure,-0.954966124961254
Evening,-0.9554463275461414
Muff,-0.9563318308649925
Life,-0.9564308476736775
Estate_,-0.9565124479111016
Trade,-0.9569916625926562
Way,-0.9572837538829281
Arm,-0.9574356829115248
Consideration,-0.9583226665301315
Guests_,-0.9583226665301315
Brain,-0.9583248003276674
Addition,-0.9583248003276674
dozen,-0.9583248003276674
Embraces,-0.9583248003276674
house,-0.9583248003276674
Matter,-0.9589766210851345
Days,-0.9590266306756375
Motions,-0.9599882029099489
Goodnature,-0.9599882029099489
Offspring,-0.9599882029099489
Distresses_of,-0.9599882029099489
Course,-0.9607748650732459
hose,-0.9615275545892806
Beef,-0.9615275545892806
Imprecations,-0.9615275545892806
Tranquillity,-0.9615275545892806
Concern,-0.9615479138703518
Friendship,-0.962952849080648
time,-0.962952849080648
Sigh,-0.962952849080648
Fright,-0.9632440637536593
Folly,-0.963626614236561
Dictionaries,-0.9642763100149214
Spelling,-0.9642763100149214
Train,-0.9642763100149214
Ladythe_redeemed,-0.9642763100149214
Affright,-0.9642864108915719
Hint,-0.9649032035527961
Opinion,-0.9653976001972907
Libation,-0.9655084745762712
Effect,-0.9655169491525424
Resolution,-0.9660932228100138
Caution,-0.9666584746456951
Boys,-0.9666584746456951
somebody,-0.9666584746456951
Goodness,-0.9673634702306957
Crown,-0.9677342635167274
choosing,-0.9687428000921589
Bowl,-0.9687428000921589
Offices,-0.9687428000921589
London,-0.9688734185688467
Use,-0.9690643289670374
Mind,-0.9693151924621043
Phrase,-0.969548023303684
hearing,-0.9705818576075171
Greeks,-0.9714205463099501
Owner,-0.9714205463099501
Wickedness,-0.9714205463099501
Right,-0.9714215496963101
Trouble,-0.9714215496963101
whole,-0.9714215496963101
Villians,-0.972214636810486
Scribblers,-0.972214636810486
master_,-0.972214636810486
Judges,-0.972214636810486
Sentence,-0.972214636810486
Fears,-0.9724702380952381
Service,-0.9725962833288446
Dinner,-0.9725962833288446
Road,-0.972684053611238
Years,-0.972684053611238
Deliberation,-0.9729657920956493
Fashion,-0.9729657920956493
Patience,-0.9729657920956493
Commonwealth,-0.9729657920956493
Publicans,-0.9729662410122715
half,-0.9729794356767097
Tricks,-0.9735034666840272
Gloucester_,-0.9736906779112934
Reflection,-0.9743525111853298
yourself,-0.9749938559842714
need,-0.9749938559842714
Knapsack,-0.9749938559842714
Disposition,-0.975410441497398
Birth,-0.9756039081699934
Observations,-0.9756039081699934
Occasion,-0.9757514373380202
Earth,-0.9761842066766143
Tree,-0.9764648056322554
Advice,-0.9766024719747054
cries,-0.9767388695204893
Oxford,-0.9777717094483889
Performances,-0.9777717094483889
Companions,-0.9787178414557623
Drum_Jones,-0.9787178414557623
Anger,-0.9791613332650658
Exceptions,-0.9791613332650658
Marriage,-0.9795867188283679
Condemnation,-0.9795867188283679
Master_and,-0.979995084787417
Choice,-0.979995084787417
Cause,-0.9802836987448857
Instances_to,-0.980387432536623
Horses,-0.9803953064387886
Reward,-0.9811277010108505
Door,-0.9811349918465451
Wood,-0.981476424540324
Prince_Charles,-0.9818133071182805
Maxim,-0.9818133071182805
Punishment,-0.9826042356762764
Human,-0.9827542372881356
Species,-0.9827542372881356
Works,-0.9828703143336789
Miles,-0.983473704165087
Speech,-0.9841232689682076
Sermon,-0.9843707998924772
Visit,-0.9846113127646703
Liberties,-0.9848445354682555
Learning,-0.9848445354682555
Heroine,-0.9852903971954172
Marks,-0.9852903971954172
Misfortune,-0.9855036329961533
Stomach_easily,-0.9855036329961533
Freedom,-0.9857107748481551
Play,-0.9859120803046036
End,-0.986191164789507
Writing,-0.9863911458855786
Combatants,-0.9864828960478247
Manner,-0.9866342489157577
Scheme,-0.986663171347118
Notice,-0.986663171347118
Night,-0.9876167939860608
Subject,-0.9877269163500392
Ignorance,-0.9878019540849967
Pocketbook,-0.9878019540849967
Will,-0.9879489533058953
Brethren,-0.9882322326953102
admirari,-0.9888861582152317
Room,-0.9888915588954911
Doctrine,-0.9896881096556791
Nil,-0.989793359414184
Case,-0.9898964823871111
Moment,-0.9898964823871111
Rage,-0.9899975423937085
Parties,-0.9900966007251137
Injury,-0.9901452784503632
Key,-0.9902887139107611
thee,-0.9904737384140062
Quarrel,-0.9905636317266003
Pound,-0.9910692734733285
Troy,-0.9916646186614237
Prospect,-0.9918012147094669
Truth,-0.99218554998752
Death,-0.9923644788803737
Designs,-0.9925907047022628
Liberty,-0.9926988967620415
Honesty_,-0.993331694929139
Situation,-0.9934193506661493
Weapon,-0.9938255685179848
Mrs_Mrs,-0.9939008856453523
Clouds,-0.9941162014080639
Guineas,-0.9943167537073756
itself,-0.9945041095397136
Work,-0.9953259221829207
Drew_Priam,-0.9958322666530132
Priam,-0.9958322666530132
Curtains,-0.9958322666530132
dead,-0.9958322666530132
Town,-0.9958667194751648
Reckoning,-0.9963090261088792
Doors,-0.9969871937227034
Purpose,-0.9972059944119889
Parish,-0.9972059944119889
round,-0.9972745109856628
Preservation,-0.9974804689918162
Merits,-0.9975118142969805
Merit,-0.9976519862926767
Bed,-0.9978808264256258
