coolness,178.78559738134206
Wat,84.06492089470814
suicide,83.39934533551555
People,70.5810147299509
pane,59.427986906710316
criticism,55.266230223677034
torch,48.93944353518821
Anne,45.194762684124385
insanity,41.199672667757774
Madame_said,36.344153482451354
defiance,27.133115111838517
Creator,23.97013093289689
behalf,23.47054009819967
Queen_Anne,22.222176759410804
weel,19.9746317512275
Branston_,19.642116748499728
Dr_Clay,18.97610474631751
boroughs,16.97872340425532
missive,15.98036006546645
tenor,15.313693398799781
Dudley_contented,14.980871522094928
Dudley_said,14.980871522094928
everybody,14.98036006546645
grin,13.14975450081833
stairs_stealthily,12.051063829787234
Madame_would,11.98445171849427
gaunt,11.485270049099837
sensations,11.485270049099837
Madame_did,9.28772504091653
Catherine,9.087888707037642
Madame_concluded,9.071331151118386
You,8.934167892333043
counsel,8.788216039279868
judgment,8.588543371522094
suddenness,7.988543371522095
state_which,7.988543371522095
founder,7.906028368794326
It,7.881677123281076
groom,7.418517652560206
health,7.246402267419812
gossipings,7.156846699399891
walks,7.156846699399891
DOCTOR,6.990589198036007
BRYERLY,6.990589198036007
titles,6.990180032733225
madame,6.990180032733225
Mrs_could,6.391162029459902
I,6.355414919266675
Nothing,6.24140752864157
Emmanuel,6.191489361702128
Old,6.149323800499613
Them,5.991816693944354
iss,5.991543917075832
music,5.804316693944353
circumstances_enabled,5.741953082378614
Mr_Danvers,5.603315804628184
rubbitch,5.2426350245499185
Mrs_Aylmer,5.242544098927077
Well,5.0285246668225385
rogue,4.9934533551554825
LADY,4.926241134751773
KNOLLYS,4.926241134751773
Swedenborgians,4.793126022913256
They,4.629618608342012
narrative,4.4934533551554825
adviser,4.437897799599926
grudge,4.437897799599926
Madame_stole,4.327059465357338
whoever,4.326786688488816
whisper,4.309415108967181
Dudley_watched,4.136778115501519
association,4.136778115501519
summons,3.9934533551554825
Yes,3.9475507174666005
fragrance,3.8764802156541833
We,3.7999867475068747
Danvers,3.794313085794717
doctor,3.746200989176403
Dudley_says,3.7311568610560775
rice,3.672960018704699
Aylmer,3.5734631176960407
executors,3.4942716857610474
Swedenborgian,3.389482298216901
merchant,3.3284233496999454
Archer,3.1617566830332784
Mrs_was,3.1617566830332784
cheeks,3.0888400163666123
destination_,3.0784233496999454
She,3.0180876136321126
fatigue,2.995271867612293
calamity,2.9950900163666123
ability,2.9950900163666123
illusions,2.9950900163666123
foreboding,2.9950900163666123
phrases,2.9950900163666123
heir,2.9950900163666123
field,2.9950900163666123
attack,2.9950900163666123
Look,2.9950900163666123
vindictiveness,2.9666588730418515
anatomy,2.8841607565011818
Come,2.8703627932351337
mystery_,2.8590239547686354
causes,2.7811550151975677
state_operating,2.7811550151975677
operating,2.7811550151975677
community,2.7811550151975677
habitation,2.7811550151975677
exercise,2.764698476646103
maids,2.7355155482815054
Dudley_has,2.649502706785849
birds,2.595744680851064
Crowle,2.5672200140285244
rear,2.5672200140285244
Craven,2.495791442599953
Mrs_Jolks,2.461369151758
fella,2.4503794078262158
nobody,2.4402618657937807
Georgina,2.3960720130932898
aspect,2.3960720130932898
William,2.3295144571740316
vulgarity,2.3292416803055103
Fowkes,2.284527256704016
Governor,2.2700969676587635
mirror,2.2627386797599565
objection,2.2627386797599565
trustees_to,2.1960720130932896
result,2.1960720130932896
butler,2.144841195615577
road,2.073230097780016
nights,2.058817512274959
we,2.0395695334311617
Swedenborg,1.9964344166471824
Pitt,1.9961811238406986
lank,1.9401350821788337
Jolks,1.9279215673689447
cleverness,1.8300600109110747
wealth,1.829923622476814
clergyman,1.771685761047463
fires,1.7189488997999631
Tom,1.695133380574668
sweep,1.6635024549918165
Adamite,1.6633933442444082
Madame_say,1.6633933442444082
Branston_would,1.6633933442444082
evidences,1.5968903436988544
Dudley_father,1.559431260229133
nephew,1.5486765618827247
H,1.5424044041065312
advance,1.4971358428805237
Madame_dressing,1.4971358428805237
observation,1.4970540098199674
marriage,1.456540009731499
bailiff,1.4256488192658403
fallows,1.4256488192658403
W,1.4181238694116636
master_,1.3675213675213675
de,1.282908580780921
Lady_Mary,1.278539279869067
foreigners,1.2471358428805237
studies_had,1.2471358428805237
wor,1.2471358428805237
deathlike,1.2471358428805237
Meg,1.2384914950637422
letter,1.2301082652168596
coach,1.2265323983042178
B,1.2218715032483254
ppen,1.1973813420621933
gentlemen,1.170783868715084
ivy,1.1642116748499727
Doctor_Jolks,1.1337970540098197
gape,1.1225450081833062
Wyat,1.0947938226397071
What,1.0927441352973268
P,1.0912438625204581
Queence_did,1.0808783415166392
He,1.0639320936166041
Dudley_or,0.997708674304419
Sir_Phileep,0.9976359338061465
Phileep,0.9976359338061465
Sheridan,0.9975450081833062
purification,0.9975450081833062
serpent,0.9975450081833062
deceit,0.9975450081833062
ugliness,0.9975450081833062
brood,0.9975450081833062
jest_come,0.9975450081833062
Branston_by,0.9975450081833062
ay,0.9975450081833062
Brice,0.9693343409943389
denial,0.950042864936482
associations,0.8977086743044189
crone,0.8549383746952137
accident,0.85492167407061
Rusk,0.8523505710527726
Mrs_Rusk,0.8505338554840707
Mary,0.839996226502679
Gov,0.7978723404255319
ilas,0.7978723404255319
whisker,0.797708674304419
dangers,0.7836100070142622
fool,0.7771330187476089
resolution,0.7755955628296052
Haugh,0.756864969161964
grief,0.7546777546777548
Mr_Charke,0.7511717130923661
prison,0.7312602291325696
group,0.7312602291325696
Charke,0.727118514035342
Lord_Ilbury,0.7179585499981294
suspicion,0.7082568526676456
Madame_to,0.6647572285870158
acceptance,0.6647572285870158
trust_should,0.6647572285870158
Mother,0.6644844517184942
Hubbard,0.6644844517184942
Lady_Knollys,0.6496435270336716
Milly,0.6445557317869941
Heaven,0.6344294003868471
daughter,0.6224349068673878
Clay,0.6147519742495124
circumstances_which,0.60920167303146
Mr_Manwaring,0.5814238952536823
Manwaring,0.5814238952536823
Knollys,0.5642066254268485
fortune,0.5606076104746316
beauty,0.5457875457875458
Madame_had,0.541010053776011
post_would,0.5398254228041461
soul,0.539132301252985
Monica,0.5388649344199383
Anan,0.527582555116973
Coma,0.5198889916743756
Dame,0.5198889916743756
Twas,0.4983633387888706
Madame_placed,0.4981587561374794
stagger_,0.4980905619203493
dispensations,0.4980905619203493
pity,0.4980905619203493
knaveries,0.4980905619203493
appeals,0.4980905619203493
dose,0.4980905619203493
pardon,0.4980905619203493
Grizzly,0.46885529989409824
scenery,0.4577343300747556
Quince,0.4569586070007752
Dr_Elweys,0.45276000595149535
Elweys,0.45276000595149535
O,0.42137731335767326
Sleigh,0.40667494101119783
people,0.40246322304672977
Good,0.39836333878887054
Sullen,0.3982978723404256
favour,0.3948868446300582
father,0.3931629784299635
Frenchwoman,0.38883000280574853
ruffian,0.38725222767775946
mother,0.38725222767775946
fie,0.3829787234042552
Rougierre,0.3827269092363057
Madame_was,0.37336333878887085
knowledge,0.3568539048266064
Madame_de,0.35323217604325063
Ilbury,0.3406341608897745
Erl,0.3316966721222041
king,0.3316966721222041
poison,0.3316966721222041
doubts,0.3316966721222041
S,0.3316966721222041
Smith,0.3316966721222041
Dudley_ll,0.3316966721222041
Dudley_never,0.3316966721222041
incredulity,0.3316966721222041
lot,0.3316966721222041
slyness,0.3316966721222041
month,0.3316966721222041
Doctor_could,0.3316966721222041
dairymaid,0.3316966721222041
Dudley_was,0.3040098199672667
one,0.29671370938796593
T,0.2960855756678291
Madame_held,0.29257726003658413
curl,0.28407762450315643
Hawkes,0.27270992622851686
Mr_Bryerly,0.26166855698964864
Mr_Sleigh,0.26166855698964864
Mr_Carysbroke,0.25048971596474034
Never,0.24836333878887062
canons,0.24836333878887062
Chenier,0.23385000481370932
trustee_,0.2090619347058318
Carysbroke,0.20158253550244876
anxiety,0.19852700490998365
Poor,0.1804047016812973
Dudley_Ruthyn,0.17788978801374555
surtout,0.16933455750269455
attorney,0.16881986279903893
don,0.16874138364267344
Madame_looked,0.14860883797054014
Maud,0.14557246739200647
folk,0.13498735307245924
cousin,0.1338767205307374
Providence,0.12367021276595747
Ridley,0.10983815239134387
Giblets,0.10983815239134387
Abel,0.10835867545193456
creature,0.09869067103109663
lights,0.09869067103109663
God,0.09672346843811153
county,0.07467603095186304
habits,0.06127250409165308
Bryerly,0.04178381972049472
miller,0.03875613747954176
Madame_hates,-0.0008183306055645767
Tale,-0.0008183306055645767
Tony,-0.0010911074740862503
Lumpkin,-0.0010911074740862503
Lord_Chancellor,-0.0011690437222353633
Chancellor,-0.0011690437222353633
Mr_Austin,-0.0011690437222353633
Austin_Ruthyn,-0.0011690437222353633
Miss_Miss,-0.0011783960720130882
Mrs_Malaprop,-0.0012274959083469206
Malaprop,-0.0012274959083469206
estate_comparable,-0.0012274959083469206
slang,-0.0012274959083469206
wainscoting,-0.0012274959083469206
Madame_recollection,-0.0012274959083469206
talent,-0.0012274959083469206
forest_,-0.0012274959083469206
myrtle,-0.0012274959083469206
Dr_Johnson,-0.0012274959083469206
Johnson,-0.0012274959083469206
stile_,-0.0012274959083469206
critic,-0.0012274959083469206
elegance,-0.0012274959083469206
bigwigs,-0.0012274959083469206
valise,-0.0012274959083469206
corpse,-0.0012274959083469206
emphasis,-0.0012274959083469206
request_taken,-0.0012274959083469206
worlds,-0.001272958719767292
Austin_was,-0.001272958719767292
trustees_won,-0.001272958719767292
Madame_enquired,-0.001309328968903456
starlings_chatter,-0.0016366612111293755
commission,-0.0016366612111293755
rule,-0.0016366612111293755
post_did,-0.0016366612111293755
gates,-0.0016366612111293755
skirt,-0.0016366612111293755
crisis,-0.0016366612111293755
clown,-0.0016366612111293755
testator_here,-0.0016366612111293755
read,-0.0016366612111293755
imagery,-0.0016366612111293755
ceiling,-0.0016366612111293755
scorpion,-0.0016366612111293755
Cousin,-0.004086943903245488
country,-0.03239280538743494
us,-0.044990721897398944
river,-0.046607647671477515
reader,-0.05520414031052323
Miss_,-0.05920583501415977
papa,-0.06846050779328705
demon,-0.07428845155882002
officer,-0.07516670034350381
pursuit,-0.08681318681318684
Doctor_Bryerly,-0.08815574120940373
ruminations,-0.09195060258890053
brother,-0.09297202611603583
resemblances,-0.10114566284779047
salutation,-0.10114566284779047
nerve,-0.10114566284779047
Dudley_spoke,-0.10114566284779047
indorsement,-0.10114566284779047
valley,-0.1081949964928689
uncle,-0.109849510701864
pleasure,-0.1121584554533469
Pegtop,-0.12130064120492656
ladies,-0.13434008379888263
Chateaubriand,-0.13740514804344606
gentleman,-0.14524695680911504
Winny,-0.1548533299760796
Ruthyn,-0.15988535972387408
Mr_Dudley,-0.1600796027302993
silver,-0.1676213857064921
Sir_Clayton,-0.1676213857064921
Clayton,-0.1676213857064921
Barrow,-0.1676213857064921
enemies,-0.200949263502455
mailtrain,-0.2009819967266776
Derby,-0.2009819967266776
alarms,-0.2009819967266776
Jezebels,-0.2009819967266776
Madame_entered,-0.2009819967266776
wheedling,-0.2009819967266776
whip,-0.2009819967266776
Dudley_held,-0.2009819967266776
traveller,-0.2009819967266776
Miss_Maud,-0.21643738977072302
person,-0.21765686939529905
Frederick,-0.22957982606456484
liking,-0.2316505098829158
Oakley,-0.2325160323590535
curate,-0.23426077468630657
habit,-0.23903047307302627
aud,-0.23903047307302627
men,-0.24357139433118524
women,-0.24650414907973683
writer,-0.2508905362472321
Rector,-0.250900163666121
justices_for,-0.2509206219312603
refinement,-0.25095471903982536
girl,-0.2560885168483774
sound,-0.25729153552394146
ordeal,-0.2601685154876644
G,-0.2640192953742786
spirits,-0.2647587006433135
process,-0.2785961083833425
Mrs_Litheways,-0.2808510638297873
Litheways,-0.2808510638297873
mercer,-0.2808510638297873
wind,-0.2865326163198505
Sarah,-0.2927349293133039
Matilda,-0.2927349293133039
will,-0.29462023560741957
lass,-0.29498411475883324
moonlight,-0.30825417187344484
Captain_Oakley,-0.31331594358561254
groups,-0.3193511344587727
donkey,-0.3193511344587727
carts,-0.3193511344587727
skeletons,-0.3193511344587727
governess,-0.3302075711479955
resemblance,-0.3338788870703764
Fortune,-0.3338788870703764
foliage,-0.3338788870703764
Doctor_was,-0.3338788870703764
Madame_countenance,-0.3338788870703764
reformation,-0.33415166393889795
fears,-0.33415166393889795
consciousness,-0.33415166393889795
rhymes,-0.33415166393889795
Madame_consult,-0.33415166393889795
thawing,-0.33415166393889795
brightening,-0.33415166393889795
overture,-0.33415166393889795
Wegg,-0.3351622915998863
clay,-0.35073649754500813
baronetage,-0.35108312657673624
danger,-0.35142201249840577
Harry,-0.3579611877484218
Lord_come,-0.3579611877484218
ye,-0.36095252869996897
spectacle,-0.3757160392798691
notice,-0.37573649754500815
Mr_Richardson,-0.3758183306055647
Richardson,-0.3758183306055647
Mr_Silas,-0.38192041872938964
fellow,-0.389616293871613
fashion,-0.39201593965701276
girls,-0.39468333085354357
cloud,-0.40076377523186024
children,-0.40979764915935135
angels,-0.41243862520458263
A,-0.41859953830933283
mystery_that,-0.42004118050789296
poaching,-0.42927285480476973
mixture,-0.42927285480476973
Dr_Bryerly,-0.43000000000000005
sides,-0.4382160392798691
places,-0.4413437265943576
Dudley_s,-0.4418503899104651
everyone,-0.4451718494271686
lady,-0.45434913562847357
LAmour,-0.45519279003528457
impudence,-0.4621679466196652
shadow,-0.4700223788369685
ash,-0.47126215461634735
Ye,-0.47428719097252126
malice,-0.4760269378337044
C,-0.4768139661756683
idea,-0.47803683054570034
bird,-0.4820876523004183
boy,-0.48732655485067067
fayther,-0.4911836457400489
servants,-0.49393883184759246
weed,-0.5004091653027822
realities,-0.5004091653027822
himself,-0.5006029804462055
lilies,-0.5006137479541735
roses,-0.5006137479541735
sister_to,-0.5006137479541735
sister_was,-0.5006137479541735
bearing,-0.5006137479541735
frank,-0.5006137479541735
Papa,-0.5006137479541735
desolation,-0.5006364793598836
mercy,-0.5006364793598836
Mrs_replied,-0.5006364793598836
courier,-0.5006546644844517
lightning,-0.5008183306055647
apparitions,-0.5008183306055647
objects,-0.5008183306055647
sky,-0.5008183306055647
standing_there,-0.5008183306055647
omen,-0.5008183306055647
paladin,-0.5008183306055647
vestibule_at,-0.5008183306055647
no,-0.5008183306055647
Madame_only,-0.5008183306055647
Master_made,-0.5008183306055647
paroxysms,-0.5008183306055647
boxes,-0.5008183306055647
rugs,-0.5008183306055647
tumult,-0.5008183306055647
storm_blows,-0.5008183306055647
Austin_ever,-0.5008183306055647
sacrifices,-0.5008183306055647
vanity,-0.5008183306055647
brook,-0.5008183306055647
restraints_which,-0.5008183306055647
fellows,-0.5008183306055647
Meess,-0.5008183306055647
picture,-0.5074211918748038
walls,-0.5087869925679482
Dickon,-0.5105851930048528
fancy,-0.5124797848917639
Monsieur_Ruthyn,-0.5148468552723873
house,-0.5192783023069386
Lord_of,-0.5243550775465669
voices,-0.526875699888018
rest_of,-0.5269187699198896
wizard,-0.5269187699198896
Dudley_,-0.5282553406721351
Oh,-0.5299894098392222
ad,-0.5299894098392222
Madame_,-0.5306749434063465
deal,-0.5409990624851031
conversation,-0.5459901800327333
E,-0.5460496949858653
Church,-0.5489150520035901
Derbyshire,-0.5498259606740278
laudanum,-0.5505728314238952
Lord_gave,-0.5505728314238952
voice,-0.5517165833290375
stories_,-0.555074469193114
catechism,-0.5561011092925987
Curate,-0.5593530374506595
grass,-0.5614945511157239
isolation,-0.5696189056844795
yourself,-0.5718961889174656
elbow,-0.5719351570415401
M,-0.5719741251656145
child,-0.5785573702565519
son,-0.5794433581131718
window,-0.5807444526390587
un,-0.583810692853246
force,-0.583810692853246
chamber,-0.583831810299476
reflection,-0.5914298467489957
lineage,-0.5923142442006113
kinsman,-0.6003273322422258
delight,-0.6003273322422258
accompaniment,-0.6004909983633389
vigilance,-0.6004909983633389
interest_,-0.6004909983633389
figure,-0.6018224645293994
countenance,-0.6053086598999511
m,-0.6091700467278636
salute,-0.6091937664555611
conference,-0.6091937664555611
Madame_left,-0.6091937664555611
trustees_,-0.6158252549414579
Honest_Mary,-0.6158882034495783
houses,-0.6254773595199127
locks,-0.6254773595199127
tin,-0.6337697763229677
heart,-0.6341551607654319
party,-0.6342407966621333
rank,-0.6368099985121262
Lady_Hamilton,-0.6368099985121262
Hamilton,-0.6368099985121262
Nelson,-0.6368099985121262
press,-0.6368099985121262
D,-0.6368099985121263
Beauty,-0.6389809118157438
ell,-0.6404582651391162
Atlas,-0.6404582651391162
motive,-0.643324760346037
ary,-0.6542867934029963
Dudley_entered,-0.6566591653027822
shoulder,-0.6575427876671759
romance,-0.6624714991985914
attendant,-0.6669394435351882
stones_,-0.6669394435351882
gathering,-0.6669394435351882
Life,-0.6670485542825968
dignity,-0.6670517634222265
cause,-0.6670531071519904
Captain_stopped,-0.667075831969449
assurances,-0.667075831969449
fragments,-0.667075831969449
load,-0.667075831969449
bills,-0.6671031096563012
torments,-0.6672122204037098
picnic,-0.6672122204037098
declaim,-0.6672122204037098
page,-0.6672122204037098
storm_,-0.6672122204037098
Talleyrand,-0.6672122204037098
Grimston_was,-0.6672122204037098
adventure,-0.6672122204037098
peasants,-0.6672122204037098
falsehood,-0.6672122204037098
porter,-0.6672122204037098
Madame_wont,-0.6672122204037098
woodland,-0.6672122204037098
snapper,-0.6672122204037098
novelty,-0.6672122204037098
Liverpool,-0.6672122204037098
heiress,-0.6672122204037098
excitement,-0.6672122204037098
chair,-0.6729039050535988
world,-0.6767466358772312
shadows,-0.6845981566026359
apartment,-0.6878580196399345
Dudley_to,-0.6926853833564144
Georgie,-0.6926853833564144
purse,-0.6926853833564144
misgiving,-0.6926853833564144
contortion,-0.6926853833564144
Madame_must,-0.6926853833564144
room,-0.6932569365018264
Madame_s,-0.6939139157636314
ut,-0.7003273322422259
silk,-0.7003505230567793
muffler,-0.7003818876159301
wonder,-0.7043496477858957
word,-0.7052641934676063
sight,-0.7086743044189853
Master_Dudley,-0.7097473631200515
look,-0.7106277533039648
darling,-0.7134597067385734
Mademoiselle,-0.7146130465279401
tint,-0.7146364274023849
doors,-0.7225859247135843
sights,-0.7276198978326638
trees,-0.7300485949180711
goblins,-0.7314948435465136
Hall,-0.7336606655755592
dismay,-0.7336606655755592
lawyers,-0.7371866655181325
milliner,-0.7384069830878341
elves,-0.7387636913005162
eye,-0.7477681523607989
desert,-0.7503068739770867
Madame_brought,-0.7503068739770867
disclosure,-0.7503068739770867
Lancashire,-0.7503068739770867
elements,-0.7504091653027823
ncle,-0.7504091653027823
posthorses_had,-0.7504091653027823
Fairfield,-0.7504091653027823
crash,-0.7504091653027823
faces,-0.7504091653027823
chariot,-0.7504091653027823
stage_whisper,-0.7504091653027823
shrewdness,-0.7504091653027823
whistle_of,-0.7504091653027823
colour,-0.7504091653027823
middle,-0.7504091653027823
threshold,-0.7504091653027823
transitions,-0.7504091653027823
devil,-0.7504091653027823
globes,-0.7504091653027823
stare_which,-0.7504091653027823
Bote,-0.7504091653027823
life,-0.7525864010610877
sorceress,-0.7570663953642677
companion,-0.7575164140697432
direction,-0.759894874337063
sympathies,-0.7602784567039106
character,-0.7606113891519004
Bartram,-0.7609209291473762
limb,-0.762216506897358
demeanour,-0.762216506897358
love,-0.7657102444938372
surprise,-0.7673871126855298
hisself,-0.7730248474929327
me,-0.7759838091561543
it,-0.7760632655029415
paper,-0.7779596290234588
park,-0.7780505546462994
Scarsdale,-0.7820859991072757
type,-0.7828707939412423
leg,-0.7859870625828073
yesterday_s,-0.7897321044017572
master_was,-0.7897321044017572
tips,-0.7897321044017572
iblets,-0.7897321044017572
Madame_does,-0.7897321044017572
arm,-0.7908734745650017
nature,-0.790941098106385
grey,-0.790964107639021
pounds,-0.7951192899259291
feelings,-0.7957149233744978
society,-0.7972361005143855
part,-0.7977127703654595
ray,-0.8001636661211129
shilling,-0.8001636661211129
jackanapes,-0.8001636661211129
enemy,-0.8002182214948173
post_,-0.8002182214948173
avenue,-0.8002182214948173
trial,-0.8002291325695581
celerity,-0.8002454991816694
spies,-0.8002454991816694
recollection,-0.8002618657937807
witch,-0.8002618657937807
event,-0.8003273322422259
document,-0.8003273322422259
region,-0.8003273322422259
virtues,-0.8003273322422259
Lady_Georgina,-0.8003273322422259
UNCLE,-0.8003273322422259
flute,-0.8003273322422259
Madame_observed,-0.8003273322422259
motion,-0.8003273322422259
Dudley_lady,-0.8003273322422259
blow,-0.8003273322422259
superioress,-0.8003273322422259
oclock,-0.8049151610469651
Captain_,-0.8079441017247891
fashions,-0.8079441017247891
talk,-0.8090401463367671
Oxford,-0.8097576182682565
flowers,-0.8097576182682565
neglect,-0.8097576182682565
barmaid,-0.8097576182682565
bed,-0.8100817187445972
minute,-0.811536917518451
terror,-0.8127184383258035
brandy,-0.8135474860335196
morning,-0.8147380647545636
Dykes,-0.8150269746014427
bank,-0.8183306055646481
Madame_loved,-0.8183306055646481
Madame_marched,-0.8183306055646481
itself,-0.8184049992560631
doctors,-0.8184049992560631
occurrence,-0.8184049992560631
nothing,-0.8199998843335589
face,-0.8262923375408384
gravity,-0.8263004340710168
admiration,-0.8271433967014982
play,-0.8278119532705006
smile,-0.8287798548030723
kind,-0.8307641279110864
London,-0.8308475113181896
gamekeeper,-0.8334697217675942
affairs,-0.8334697217675942
Dobbs,-0.8334697217675942
Ruthyns,-0.8335151845790144
governor,-0.8335151845790144
Q,-0.8335151845790144
Madame_could,-0.8335379159847245
Grimston_eyed,-0.8335379159847245
flask,-0.8335379159847245
solicitudes,-0.8336061102018548
eerage,-0.8336061102018548
pic,-0.8336061102018548
nic,-0.8336061102018548
interval,-0.8336061102018548
story_told,-0.8336061102018548
COUSIN,-0.8336061102018548
sandwiches,-0.8336061102018548
surgeons,-0.8336061102018548
wat,-0.8336061102018548
progress,-0.8336061102018548
ments,-0.8336061102018548
fireside,-0.8336061102018548
engravings,-0.8336061102018548
statement_which,-0.8336061102018548
rote,-0.8336061102018548
curiosity,-0.8360163177565527
servant,-0.8365719386995982
epithet,-0.836932378041652
Grimston_,-0.8373965172709107
family,-0.8375958058335107
pang,-0.8376808036170953
features,-0.838427842495427
Feltram,-0.8386483526168025
maam,-0.8401963993453355
niece,-0.8415137185271079
husband,-0.8422775432853821
scene,-0.8430441898527005
illness,-0.8463426916782072
disappointment,-0.8463426916782072
estimate_of,-0.8476518072623374
Mr_Ruthyn,-0.8510473346445954
wig,-0.8524373686461957
horses,-0.8526314377322547
pain,-0.8531096563011457
manner,-0.8548666871835044
death,-0.8558912140705155
note,-0.85642242657965
agitation,-0.8572987296391552
subject,-0.85730652326397
points,-0.85730652326397
persons,-0.8573098649508062
ruin,-0.8573182137011924
spectacles,-0.8573182137011924
cheaile,-0.8573182137011924
tale,-0.8573247083885381
And,-0.8573299041384148
project,-0.8573766658873042
oddities,-0.8573766658873042
outline,-0.8573766658873042
tobacco,-0.8573766658873042
taste_,-0.8573766658873042
sepulchre,-0.8573766658873042
Madame_called,-0.8573766658873042
injustice_of,-0.8573766658873042
slander,-0.8584950694908551
Doctor_Clay,-0.8588532493640035
line,-0.8593162905419424
doubt,-0.8598193904067305
half,-0.8618564240071039
newspaper,-0.862238275297703
sister_meant,-0.8667757774140753
Michael,-0.8667757774140753
side,-0.8670119296553707
movements,-0.8690134420863406
none,-0.8697075357574895
envelope,-0.8752045826513912
Darnford,-0.8752045826513912
Voerst_,-0.8752045826513912
gradation,-0.8752045826513912
Directions,-0.8752045826513912
occupation,-0.8752045826513912
stare_and,-0.8752045826513912
relations,-0.8768665082283306
letters,-0.8787102958884252
yesterday_,-0.8789366661707088
frame,-0.8807435816009966
sojourn,-0.8824492153653606
law,-0.885854570960954
indignation,-0.8865124237464663
tears,-0.8880564373897707
mind,-0.8882422286315982
Madame_knew,-0.8890101230526762
shopping,-0.8890252773231497
neighbours,-0.8890252773231497
postilion_to,-0.8890707401345699
post_to,-0.8890707401345699
breathing,-0.8890707401345699
looks,-0.8890707401345699
Lord_,-0.8890707401345699
F,-0.8890707401345699
bars,-0.8890707401345699
hostess_spoke,-0.8890707401345699
years,-0.8901291346830553
night,-0.8902803437031159
twilight,-0.890381429512385
maid,-0.8914466661922721
Charles,-0.8917021612241678
isn,-0.8925944176551336
evening,-0.8925944176551336
opinion,-0.8926822670093332
school,-0.8933861728440469
respect,-0.8942503947317749
weight,-0.8948660522008787
name,-0.8984243522645313
door,-0.8993194036729681
grounds,-0.8997326963544332
appeal,-0.9000818330605564
report,-0.9000818330605564
wife,-0.9001091107474086
day,-0.9001166133041459
uch,-0.9001227495908347
moments,-0.900163666121113
distance_of,-0.900163666121113
boot,-0.900163666121113
curtains,-0.900163666121113
tread,-0.900163666121113
disappearance,-0.900163666121113
symptom,-0.900163666121113
Madame_is,-0.900163666121113
sorcerer,-0.9025587800886192
execution,-0.903022309794699
enquiry,-0.9048788091341283
morrow,-0.9057838989593305
courtesy,-0.908278637874309
motives,-0.9091653027823241
h,-0.9092024996280316
affection,-0.9092024996280316
justice_,-0.9092099389971731
stones_close,-0.909239696473739
remonstrating_could,-0.909239696473739
luck,-0.909239696473739
battlement,-0.909239696473739
pride,-0.909239696473739
edge,-0.909239696473739
generations,-0.909239696473739
anxieties,-0.909239696473739
King_Alfred,-0.909239696473739
Alfred,-0.909239696473739
threats,-0.909239696473739
cattle,-0.909239696473739
question_,-0.909239696473739
Dudley_can,-0.909239696473739
glamour,-0.909239696473739
Miss_Milly,-0.909239696473739
Bible,-0.9108311900865093
time,-0.9110322359929712
warren,-0.9149980847581571
visitor,-0.9156791684822463
something,-0.9164258969160317
cathedral,-0.9168030551009274
grenadier,-0.9168030551009274
couple,-0.9168030551009274
Sphinx,-0.9168030551009274
brute,-0.9168030551009274
myself,-0.9181255953099636
profile,-0.9184675506863956
Knowl,-0.9200942728078894
Austin_s,-0.9200981996726678
reports,-0.9200981996726678
suit,-0.9200981996726678
shock,-0.9205460598508379
patience,-0.9216649016398704
timber,-0.9231737682902946
fascination,-0.9232028200931638
savages,-0.9232028200931638
Madame_will,-0.9232028200931638
mutton,-0.9232028200931638
affections,-0.9232028200931638
ourselves,-0.9232028200931638
guests_,-0.9232028200931638
gate,-0.9247129650952397
outside,-0.9259865430078196
things,-0.9260157303711337
crime,-0.9260168515487665
guinea,-0.9265668624241841
hands,-0.9286580643275708
particulars,-0.9286883329436522
anger,-0.9286883329436522
prayers,-0.9286883329436522
postilions_,-0.9286883329436522
bearings,-0.9286883329436522
suffering,-0.9286883329436522
reality,-0.9286883329436522
consent,-0.9286883329436522
shelter,-0.9286883329436522
ferrets,-0.9286883329436522
gratification,-0.9286883329436522
hay,-0.9286883329436522
dreams,-0.9286883329436522
end,-0.9292231558327749
cap,-0.9292894180353988
way,-0.9295803504144687
events,-0.9297761069980948
tresses,-0.9325194081348285
manners,-0.9334151663938898
period,-0.9334151663938898
fainting,-0.933442444080742
fun,-0.933442444080742
driver,-0.933442444080742
gold,-0.933442444080742
excursion,-0.9345067210431703
bridge,-0.9345067210431703
leather,-0.9345067210431703
patient,-0.9355366664906816
carriage,-0.9360326367389061
necessities,-0.9365850490355264
SILAS,-0.9368752167537738
guardian,-0.9375671298269542
conscience,-0.9376022913256956
provisions,-0.9376022913256956
sex,-0.9385370766712828
light,-0.9389188489073097
U,-0.939443535188216
escape,-0.939443535188216
aptitudes,-0.9394675825470236
tizzy,-0.9412727447771253
flash,-0.9412727447771253
hero,-0.9412727447771253
grave,-0.9412727447771253
sense,-0.942369733880994
Margaret,-0.9429266182676908
battle,-0.9445113773271806
memory,-0.9445353700672849
stick_in,-0.9445353700672849
aunt,-0.9445353700672849
staircase_,-0.9445353700672849
sorts,-0.9445353700672849
mamma,-0.9445353700672849
nursery,-0.9445353700672849
chimney,-0.9445353700672849
times,-0.9474258477617941
mouth,-0.9474545611163753
yards,-0.9474545611163753
weather,-0.9474545611163753
thought,-0.9478822725720141
others,-0.9481146112315606
drawing,-0.9492142530202367
qualities,-0.9494281925913649
violence,-0.9500818330605565
reply,-0.9500818330605565
costume_,-0.9500818330605565
politeness,-0.9500818330605565
home,-0.951665060781648
candle,-0.9517800302503555
interview,-0.952188182854954
anyone,-0.9524329098797184
feature,-0.9524384778754165
ink,-0.9524384778754165
parrot,-0.9524588886291014
complaint,-0.9524588886291014
compliments,-0.9524588886291014
injunction,-0.9524588886291014
print,-0.9524588886291014
fellah,-0.9524588886291014
eyes,-0.9526700327335744
suspicions,-0.9535445808354743
lobby,-0.9546198482368695
attention,-0.9546198482368695
purpose,-0.9546198482368695
whispers,-0.9546198482368695
sort,-0.9552422016436284
wood,-0.9552727361555561
what,-0.956557318721981
feeling,-0.95657433598406
wish,-0.9565928983135273
phrase,-0.9565928983135273
hope,-0.9565928983135273
grace,-0.9565928983135273
hand,-0.9573576640374099
town,-0.9574816310895985
earth,-0.9584015275504637
Captain_smiled,-0.9584015275504637
settlement,-0.9584015275504637
address,-0.9584015275504637
honour,-0.959644888242296
visitors,-0.9600654664484451
dinner,-0.9600654664484451
basket,-0.9600654664484451
flesh,-0.9600654664484451
table,-0.9603078257099501
head,-0.9608844938882022
care,-0.9627349675717269
sounds,-0.9630235800448567
consequences,-0.9636661211129296
friend,-0.9636804594622744
sheet,-0.9643441664718261
iron,-0.9649409940563356
ground,-0.9652595923943983
relief,-0.9655736779727976
Who,-0.9655736779727976
nod,-0.9655736779727976
dress,-0.9664865221116457
spirit,-0.9667099477353818
sake,-0.9667212220403709
housekeeper,-0.9667212220403709
miles,-0.9667212220403709
matters,-0.9667212220403709
England,-0.9669822805356418
mine,-0.9671479794553736
catalogue,-0.9677947310068106
em,-0.9677947310068106
passages,-0.9677947310068106
days,-0.9679903477941563
effect,-0.9682925245177632
tone,-0.969175902445924
fire,-0.969175902445924
pin,-0.9702767737975782
excursions,-0.9706363723885626
youth,-0.9706363723885626
decision,-0.9706363723885626
villain,-0.9706363723885626
court,-0.9709051039216933
truth,-0.9714753331774608
grandmother,-0.9714753331774608
work,-0.9714753331774608
nout,-0.9722676850336425
arrival,-0.9722676850336425
nonsense,-0.9722676850336425
age,-0.9722676850336425
velvet,-0.9730172070597602
apparition,-0.9730172070597602
key,-0.973243120807821
service,-0.9744009400310546
cove,-0.9744009400310546
viscounty,-0.9744009400310546
dogs,-0.9746036589594574
departure,-0.9748733890558735
terms,-0.9750409165302782
roots,-0.9756496746636861
trick,-0.9756496746636861
quadrangle,-0.9756496746636861
sheets,-0.9756496746636861
vessel,-0.9762294443145507
comfort,-0.9762294443145507
feet,-0.9764893903800979
practitioner,-0.9767822479351426
vision,-0.9767822479351426
meaning,-0.9773099241184348
bag,-0.977814148026914
glass,-0.9782782729359022
visit,-0.9783627285887323
wi,-0.9787582268342794
stair_,-0.9792007637752319
cruelty,-0.9796252379839006
yard,-0.980016039542382
course,-0.9801237684227668
portrait,-0.9802139037433155
stairs_,-0.981162955871908
directions,-0.981162955871908
wall,-0.9815117900224283
incantation,-0.9815117900224283
book,-0.9816149891557555
station_and,-0.9818479392947478
twothirds,-0.9818479392947478
nobility,-0.9818479392947478
box,-0.982172083235913
gallery,-0.9824702453591374
contempt,-0.9824848537054585
courage,-0.9824848537054585
influence,-0.9827868389863987
foot,-0.9829197325350418
turn,-0.9830785874781547
state_of,-0.9833606110201855
everything,-0.9836197528876726
hat,-0.9838839539089002
cottage,-0.9841529628763671
prattle,-0.9844005728314239
windows,-0.9844005728314239
solitude,-0.9844005728314239
ranks,-0.9850990546449422
means,-0.9855309661045091
silence,-0.9863234832518721
air,-0.9864055402155518
journey,-0.987033966755941
series,-0.9875202029501422
details,-0.9876742776318448
Wood,-0.9876742776318448
papers,-0.9878245943194747
guardianship,-0.9878245943194747
answer,-0.9879712888468213
charge,-0.9882543227943159
church,-0.9883909030354934
power,-0.9885243434419445
Windmill,-0.9885243434419445
coat,-0.9890287769784173
brain,-0.9891480315240789
words,-0.9893703152341403
tales,-0.9894907311694576
floor,-0.9896002045861393
desk,-0.9900162032111819
reason,-0.9902119670736991
promise,-0.9903069980296193
incident,-0.9908405657827563
Austin_,-0.9909238346054844
business,-0.9910859113559644
traditions,-0.9910859113559644
corner,-0.991539176387367
year,-0.9916102767233317
piece,-0.9919485764819239
round,-0.9922606511203025
blood,-0.9924934163569689
length,-0.9925494363221087
acquaintance,-0.9925494363221087
fear,-0.992868749926934
genius,-0.9929193267556587
presence,-0.9930183582841184
confidence,-0.9933882505961413
measure,-0.9935170522780653
hall,-0.9936811792369765
matter,-0.994057303184701
library,-0.9943594770033103
finger,-0.9944841305723845
case,-0.9945740640260445
point,-0.9951535375203591
place,-0.9954685134051839
anything,-0.9955627650520465
Sir_Walter,-0.9960538487912486
moment,-0.9961303255601512
Walter,-0.9963429475842471
Scott,-0.9963826986254255
